Name of Building/Facility,Name of Trail,路徑名稱,Latitude Decimal Degree(DD.DDD),Longitude Decimal Degree(DD.DDD)
H001,Hong Kong Trail,港島徑,22.27463,114.14907
H002,Hong Kong Trail,港島徑,22.27722,114.14817
H003,Hong Kong Trail,港島徑,22.27775,114.14475
H004,Hong Kong Trail,港島徑,22.27609,114.1419
H005,Hong Kong Trail,港島徑,22.27444,114.13871
H006,Hong Kong Trail,港島徑,22.27334,114.13668
H007,Hong Kong Trail,港島徑,22.27351,114.13295
H008,Hong Kong Trail,港島徑,22.27007,114.13367
H009,Hong Kong Trail,港島徑,22.26734,114.13511
H010,Hong Kong Trail,港島徑,22.26726,114.13767
H011,Hong Kong Trail,港島徑,22.26796,114.1399
H012,Hong Kong Trail,港島徑,22.26855,114.14292
H013,Hong Kong Trail,港島徑,22.26889,114.14636
H014,Hong Kong Trail,港島徑,22.26736,114.14416
H015,Hong Kong Trail,港島徑,22.26537,114.14151
H016,Hong Kong Trail,港島徑,22.26379,114.14172
H017,Hong Kong Trail,港島徑,22.26081,114.14074
H018,Hong Kong Trail,港島徑,22.25998,114.14282
H019,Hong Kong Trail,港島徑,22.25942,114.14517
H020,Hong Kong Trail,港島徑,22.2568,114.14719
H021,Hong Kong Trail,港島徑,22.25442,114.14581
H022,Hong Kong Trail,港島徑,22.2523,114.1445
H023,Hong Kong Trail,港島徑,22.25216,114.14688
H024,Hong Kong Trail,港島徑,22.25364,114.15014
H025,Hong Kong Trail,港島徑,22.25569,114.15318
H026,Hong Kong Trail,港島徑,22.25871,114.15517
H027,Hong Kong Trail,港島徑,22.26086,114.1544
H028,Hong Kong Trail,港島徑,22.26055,114.15686
H029,Hong Kong Trail,港島徑,22.25889,114.15713
H030,Hong Kong Trail,港島徑,22.25588,114.15508
H031,Hong Kong Trail,港島徑,22.25385,114.15533
H032,Hong Kong Trail,港島徑,22.25477,114.15696
H033,Hong Kong Trail,港島徑,22.25805,114.15989
H034,Hong Kong Trail,港島徑,22.26285,114.15946
H035,Hong Kong Trail,港島徑,22.26223,114.16174
H036,Hong Kong Trail,港島徑,22.26055,114.16224
H037,Hong Kong Trail,港島徑,22.26345,114.16525
H038,Hong Kong Trail,港島徑,22.26485,114.16711
H039,Hong Kong Trail,港島徑,22.26493,114.1682
H040,Hong Kong Trail,港島徑,22.26156,114.16729
H041,Hong Kong Trail,港島徑,22.2585,114.16808
H042,Hong Kong Trail,港島徑,22.2566,114.16972
H043,Hong Kong Trail,港島徑,22.25426,114.17255
H044,Hong Kong Trail,港島徑,22.25704,114.17171
H045,Hong Kong Trail,港島徑,22.25789,114.17406
H046,Hong Kong Trail,港島徑,22.25941,114.17672
H047,Hong Kong Trail,港島徑,22.2598,114.18022
H048,Hong Kong Trail,港島徑,22.25855,114.18313
H049,Hong Kong Trail,港島徑,22.25712,114.18679
H050,Hong Kong Trail,港島徑,22.2584,114.19118
H051,Hong Kong Trail,港島徑,22.25747,114.19539
H052,Hong Kong Trail,港島徑,22.25817,114.19809
H053,Hong Kong Trail,港島徑,22.26058,114.19789
H054,Hong Kong Trail,港島徑,22.26501,114.19768
H055,Hong Kong Trail,港島徑,22.26642,114.19983
H056,Hong Kong Trail,港島徑,22.26753,114.20312
H057,Hong Kong Trail,港島徑,22.26913,114.20743
H058,Hong Kong Trail,港島徑,22.26837,114.21028
H059,Hong Kong Trail,港島徑,22.26697,114.21313
H060,Hong Kong Trail,港島徑,22.26593,114.21415
H061,Hong Kong Trail,港島徑,22.26308,114.21418
H062,Hong Kong Trail,港島徑,22.26048,114.21352
H063,Hong Kong Trail,港島徑,22.25862,114.21195
H064,Hong Kong Trail,港島徑,22.2564,114.21188
H065,Hong Kong Trail,港島徑,22.2533,114.21434
H066,Hong Kong Trail,港島徑,22.25167,114.21547
H067,Hong Kong Trail,港島徑,22.2517,114.2183
H068,Hong Kong Trail,港島徑,22.24809,114.22138
H069,Hong Kong Trail,港島徑,22.24797,114.22376
H070,Hong Kong Trail,港島徑,22.25077,114.22611
H071,Hong Kong Trail,港島徑,22.25141,114.22764
H072,Hong Kong Trail,港島徑,22.2492,114.22658
H073,Hong Kong Trail,港島徑,22.2463,114.22635
H074,Hong Kong Trail,港島徑,22.24271,114.22859
H075,Hong Kong Trail,港島徑,22.2414,114.23209
H076,Hong Kong Trail,港島徑,22.24356,114.23214
H077,Hong Kong Trail,港島徑,22.24688,114.23105
H078,Hong Kong Trail,港島徑,22.24425,114.23312
H079,Hong Kong Trail,港島徑,22.24195,114.23672
H080,Hong Kong Trail,港島徑,22.23913,114.23662
H081,Hong Kong Trail,港島徑,22.23609,114.23607
H082,Hong Kong Trail,港島徑,22.23295,114.23722
H083,Hong Kong Trail,港島徑,22.22853,114.23698
H084,Hong Kong Trail,港島徑,22.2271,114.23864
H085,Hong Kong Trail,港島徑,22.22936,114.24109
H086,Hong Kong Trail,港島徑,22.23061,114.24397
H087,Hong Kong Trail,港島徑,22.2346,114.24373
H088,Hong Kong Trail,港島徑,22.23784,114.24266
H089,Hong Kong Trail,港島徑,22.24153,114.2414
H090,Hong Kong Trail,港島徑,22.24396,114.23892
H091,Hong Kong Trail,港島徑,22.24667,114.23635
H092,Hong Kong Trail,港島徑,22.24816,114.23489
H093,Hong Kong Trail,港島徑,22.25139,114.23156
H094,Hong Kong Trail,港島徑,22.25502,114.23293
H095,Hong Kong Trail,港島徑,22.25728,114.23658
H096,Hong Kong Trail,港島徑,22.25626,114.23969
H097,Hong Kong Trail,港島徑,22.25496,114.24178
H098,Hong Kong Trail,港島徑,22.25178,114.24558
H099,Hong Kong Trail,港島徑,22.24975,114.24558
H100,Hong Kong Trail,港島徑,22.24747,114.24506
L001,Lantau Trail,鳳凰徑,22.26405,113.99998
L002,Lantau Trail,鳳凰徑,22.26275,113.99699
L003,Lantau Trail,鳳凰徑,22.26003,113.99529
L004,Lantau Trail,鳳凰徑,22.25762,113.99159
L005,Lantau Trail,鳳凰徑,22.25646,113.9881
L006,Lantau Trail,鳳凰徑,22.2579,113.98397
L007,Lantau Trail,鳳凰徑,22.25808,113.98202
L008,Lantau Trail,鳳凰徑,22.25928,113.97977
L009,Lantau Trail,鳳凰徑,22.26104,113.97721
L010,Lantau Trail,鳳凰徑,22.26117,113.97314
L011,Lantau Trail,鳳凰徑,22.2612,113.96739
L012,Lantau Trail,鳳凰徑,22.26094,113.96302
L013,Lantau Trail,鳳凰徑,22.25844,113.95998
L014,Lantau Trail,鳳凰徑,22.2566,113.95715
L015,Lantau Trail,鳳凰徑,22.25443,113.95327
L016,Lantau Trail,鳳凰徑,22.25208,113.95044
L017,Lantau Trail,鳳凰徑,22.25068,113.94633
L018,Lantau Trail,鳳凰徑,22.24823,113.94298
L019,Lantau Trail,鳳凰徑,22.24765,113.93913
L020,Lantau Trail,鳳凰徑,22.24579,113.93657
L021,Lantau Trail,鳳凰徑,22.24801,113.93377
L022,Lantau Trail,鳳凰徑,22.24888,113.93078
L023,Lantau Trail,鳳凰徑,22.24887,113.92604
L024,Lantau Trail,鳳凰徑,22.24872,113.92204
L025,Lantau Trail,鳳凰徑,22.24675,113.91809
L026,Lantau Trail,鳳凰徑,22.24857,113.9144
L027,Lantau Trail,鳳凰徑,22.25268,113.9123
L028,Lantau Trail,鳳凰徑,22.25642,113.91409
L029,Lantau Trail,鳳凰徑,22.25896,113.90803
L030,Lantau Trail,鳳凰徑,22.25944,113.90514
L031,Lantau Trail,鳳凰徑,22.25719,113.90178
L032,Lantau Trail,鳳凰徑,22.254,113.90112
L033,Lantau Trail,鳳凰徑,22.24875,113.89706
L034,Lantau Trail,鳳凰徑,22.24952,113.8922
L035,Lantau Trail,鳳凰徑,22.24468,113.89167
L036,Lantau Trail,鳳凰徑,22.24281,113.89013
L037,Lantau Trail,鳳凰徑,22.24034,113.88841
L038,Lantau Trail,鳳凰徑,22.23759,113.88642
L039,Lantau Trail,鳳凰徑,22.23319,113.88247
L040,Lantau Trail,鳳凰徑,22.23158,113.87922
L041,Lantau Trail,鳳凰徑,22.23074,113.87407
L042,Lantau Trail,鳳凰徑,22.22825,113.87269
L043,Lantau Trail,鳳凰徑,22.22409,113.86975
L044,Lantau Trail,鳳凰徑,22.22146,113.86754
L045,Lantau Trail,鳳凰徑,22.21984,113.86453
L046,Lantau Trail,鳳凰徑,22.22355,113.86524
L047,Lantau Trail,鳳凰徑,22.22657,113.86681
L048,Lantau Trail,鳳凰徑,22.2287,113.86756
L049,Lantau Trail,鳳凰徑,22.23219,113.8674
L050,Lantau Trail,鳳凰徑,22.23498,113.87024
L051,Lantau Trail,鳳凰徑,22.23896,113.87054
L052,Lantau Trail,鳳凰徑,22.24263,113.86983
L053,Lantau Trail,鳳凰徑,22.2455,113.86903
L054,Lantau Trail,鳳凰徑,22.24674,113.86671
L055,Lantau Trail,鳳凰徑,22.24801,113.86357
L056,Lantau Trail,鳳凰徑,22.24593,113.86049
L057,Lantau Trail,鳳凰徑,22.24479,113.85581
L058,Lantau Trail,鳳凰徑,22.24306,113.85205
L059,Lantau Trail,鳳凰徑,22.24001,113.85189
L060,Lantau Trail,鳳凰徑,22.23643,113.85283
L061,Lantau Trail,鳳凰徑,22.23342,113.85275
L062,Lantau Trail,鳳凰徑,22.23063,113.84999
L063,Lantau Trail,鳳凰徑,22.2273,113.84835
L064,Lantau Trail,鳳凰徑,22.22339,113.84717
L065,Lantau Trail,鳳凰徑,22.22131,113.84534
L066,Lantau Trail,鳳凰徑,22.21803,113.84364
L067,Lantau Trail,鳳凰徑,22.21334,113.8437
L068,Lantau Trail,鳳凰徑,22.21091,113.84546
L069,Lantau Trail,鳳凰徑,22.20717,113.84709
L070,Lantau Trail,鳳凰徑,22.20332,113.84943
L071,Lantau Trail,鳳凰徑,22.2031,113.85398
L072,Lantau Trail,鳳凰徑,22.20444,113.85837
L073,Lantau Trail,鳳凰徑,22.20722,113.86018
L074,Lantau Trail,鳳凰徑,22.21131,113.86118
L075,Lantau Trail,鳳凰徑,22.20987,113.86428
L076,Lantau Trail,鳳凰徑,22.20741,113.86717
L077,Lantau Trail,鳳凰徑,22.21035,113.86979
L078,Lantau Trail,鳳凰徑,22.21128,113.87218
L079,Lantau Trail,鳳凰徑,22.21448,113.87451
L080,Lantau Trail,鳳凰徑,22.21606,113.87748
L081,Lantau Trail,鳳凰徑,22.21818,113.8798
L082,Lantau Trail,鳳凰徑,22.2207,113.88023
L083,Lantau Trail,鳳凰徑,22.22339,113.88023
L084,Lantau Trail,鳳凰徑,22.22404,113.88398
L085,Lantau Trail,鳳凰徑,22.22526,113.88789
L086,Lantau Trail,鳳凰徑,22.22536,113.89028
L087,Lantau Trail,鳳凰徑,22.22842,113.89095
L088,Lantau Trail,鳳凰徑,22.22778,113.89461
L089,Lantau Trail,鳳凰徑,22.2259,113.89805
L090,Lantau Trail,鳳凰徑,22.22072,113.89946
L091,Lantau Trail,鳳凰徑,22.21713,113.90051
L092,Lantau Trail,鳳凰徑,22.21535,113.90343
L093,Lantau Trail,鳳凰徑,22.21238,113.905
L094,Lantau Trail,鳳凰徑,22.21009,113.90779
L095,Lantau Trail,鳳凰徑,22.20938,113.9119
L096,Lantau Trail,鳳凰徑,22.21273,113.91395
L097,Lantau Trail,鳳凰徑,22.21272,113.91644
L098,Lantau Trail,鳳凰徑,22.21745,113.9156
L099,Lantau Trail,鳳凰徑,22.22072,113.9137
L100,Lantau Trail,鳳凰徑,22.22158,113.9178
L101,Lantau Trail,鳳凰徑,22.2244,113.91483
L102,Lantau Trail,鳳凰徑,22.22672,113.91615
L103,Lantau Trail,鳳凰徑,22.22749,113.9191
L104,Lantau Trail,鳳凰徑,22.22845,113.92277
L105,Lantau Trail,鳳凰徑,22.23015,113.92588
L106,Lantau Trail,鳳凰徑,22.23315,113.92654
L107,Lantau Trail,鳳凰徑,22.23488,113.92945
L108,Lantau Trail,鳳凰徑,22.23192,113.93141
L109,Lantau Trail,鳳凰徑,22.2316,113.93426
L110,Lantau Trail,鳳凰徑,22.23255,113.93835
L111,Lantau Trail,鳳凰徑,22.23397,113.94149
L112,Lantau Trail,鳳凰徑,22.23612,113.94394
L113,Lantau Trail,鳳凰徑,22.23862,113.94537
L114,Lantau Trail,鳳凰徑,22.23921,113.94954
L115,Lantau Trail,鳳凰徑,22.23866,113.95321
L116,Lantau Trail,鳳凰徑,22.23982,113.95655
L117,Lantau Trail,鳳凰徑,22.24129,113.9607
L118,Lantau Trail,鳳凰徑,22.24341,113.96441
L119,Lantau Trail,鳳凰徑,22.24451,113.96713
L120,Lantau Trail,鳳凰徑,22.24469,113.96975
L121,Lantau Trail,鳳凰徑,22.24454,113.97228
L122,Lantau Trail,鳳凰徑,22.24286,113.97662
L123,Lantau Trail,鳳凰徑,22.24208,113.98016
L124,Lantau Trail,鳳凰徑,22.23905,113.9825
L125,Lantau Trail,鳳凰徑,22.23696,113.98334
L126,Lantau Trail,鳳凰徑,22.23897,113.98747
L127,Lantau Trail,鳳凰徑,22.24251,113.98563
L128,Lantau Trail,鳳凰徑,22.24561,113.98768
L129,Lantau Trail,鳳凰徑,22.24906,113.98983
L130,Lantau Trail,鳳凰徑,22.25181,113.99028
L131,Lantau Trail,鳳凰徑,22.25409,113.99237
L132,Lantau Trail,鳳凰徑,22.25394,113.99537
L133,Lantau Trail,鳳凰徑,22.25633,113.99823
L134,Lantau Trail,鳳凰徑,22.25351,114.00177
L135,Lantau Trail,鳳凰徑,22.25419,114.00584
L136,Lantau Trail,鳳凰徑,22.25353,114.00934
L137,Lantau Trail,鳳凰徑,22.25698,114.0079
L138,Lantau Trail,鳳凰徑,22.25956,114.0064
L139,Lantau Trail,鳳凰徑,22.26226,114.00172
M001,MacLehose Trail,麥理浩徑,22.39651,114.32681
M002,MacLehose Trail,麥理浩徑,22.3945,114.33035
M003,MacLehose Trail,麥理浩徑,22.39048,114.33284
M004,MacLehose Trail,麥理浩徑,22.38729,114.3358
M005,MacLehose Trail,麥理浩徑,22.38349,114.33482
M006,MacLehose Trail,麥理浩徑,22.3804,114.33717
M007,MacLehose Trail,麥理浩徑,22.37752,114.33931
M008,MacLehose Trail,麥理浩徑,22.37299,114.34123
M009,MacLehose Trail,麥理浩徑,22.36954,114.34393
M010,MacLehose Trail,麥理浩徑,22.36681,114.34658
M011,MacLehose Trail,麥理浩徑,22.36325,114.3494
M012,MacLehose Trail,麥理浩徑,22.36147,114.35309
M013,MacLehose Trail,麥理浩徑,22.36351,114.3554
M014,MacLehose Trail,麥理浩徑,22.3619,114.35874
M015,MacLehose Trail,麥理浩徑,22.35903,114.36186
M016,MacLehose Trail,麥理浩徑,22.35958,114.36619
M017,MacLehose Trail,麥理浩徑,22.36043,114.37031
M018,MacLehose Trail,麥理浩徑,22.36346,114.37221
M019,MacLehose Trail,麥理浩徑,22.36691,114.37415
M020,MacLehose Trail,麥理浩徑,22.37011,114.37464
M021,MacLehose Trail,麥理浩徑,22.37394,114.37491
M022,MacLehose Trail,麥理浩徑,22.37668,114.37648
M023,MacLehose Trail,麥理浩徑,22.3791,114.38
M024,MacLehose Trail,麥理浩徑,22.38338,114.37827
M025,MacLehose Trail,麥理浩徑,22.38649,114.37808
M026,MacLehose Trail,麥理浩徑,22.38954,114.37595
M027,MacLehose Trail,麥理浩徑,22.38972,114.37301
M028,MacLehose Trail,麥理浩徑,22.38727,114.3683
M029,MacLehose Trail,麥理浩徑,22.39014,114.36647
M030,MacLehose Trail,麥理浩徑,22.39205,114.36804
M031,MacLehose Trail,麥理浩徑,22.39807,114.37079
M032,MacLehose Trail,麥理浩徑,22.40059,114.36991
M033,MacLehose Trail,麥理浩徑,22.40132,114.37142
M034,MacLehose Trail,麥理浩徑,22.40372,114.37219
M035,MacLehose Trail,麥理浩徑,22.40724,114.3741
M036,MacLehose Trail,麥理浩徑,22.41107,114.37434
M037,MacLehose Trail,麥理浩徑,22.4147,114.37229
M038,MacLehose Trail,麥理浩徑,22.41838,114.3712
M039,MacLehose Trail,麥理浩徑,22.41932,114.36777
M040,MacLehose Trail,麥理浩徑,22.42077,114.36472
M041,MacLehose Trail,麥理浩徑,22.42141,114.36042
M042,MacLehose Trail,麥理浩徑,22.42168,114.35643
M043,MacLehose Trail,麥理浩徑,22.42209,114.35234
M044,MacLehose Trail,麥理浩徑,22.42161,114.34874
M045,MacLehose Trail,麥理浩徑,22.42322,114.34497
M046,MacLehose Trail,麥理浩徑,22.42494,114.34159
M047,MacLehose Trail,麥理浩徑,22.42501,114.33749
M048,MacLehose Trail,麥理浩徑,22.4224,114.33362
M049,MacLehose Trail,麥理浩徑,22.42101,114.33108
M050,MacLehose Trail,麥理浩徑,22.42256,114.32958
M051,MacLehose Trail,麥理浩徑,22.42223,114.32417
M052,MacLehose Trail,麥理浩徑,22.42277,114.3203
M053,MacLehose Trail,麥理浩徑,22.42503,114.31715
M054,MacLehose Trail,麥理浩徑,22.42668,114.31283
M055,MacLehose Trail,麥理浩徑,22.42865,114.30983
M056,MacLehose Trail,麥理浩徑,22.42814,114.30701
M057,MacLehose Trail,麥理浩徑,22.42484,114.30763
M058,MacLehose Trail,麥理浩徑,22.42243,114.30658
M059,MacLehose Trail,麥理浩徑,22.41984,114.30705
M060,MacLehose Trail,麥理浩徑,22.41599,114.30492
M061,MacLehose Trail,麥理浩徑,22.41529,114.3012
M062,MacLehose Trail,麥理浩徑,22.41535,114.29763
M063,MacLehose Trail,麥理浩徑,22.41617,114.294
M064,MacLehose Trail,麥理浩徑,22.416,114.2902
M065,MacLehose Trail,麥理浩徑,22.41369,114.28751
M066,MacLehose Trail,麥理浩徑,22.41032,114.28707
M067,MacLehose Trail,麥理浩徑,22.4102,114.28317
M068,MacLehose Trail,麥理浩徑,22.40545,114.2808
M069,MacLehose Trail,麥理浩徑,22.40357,114.27946
M070,MacLehose Trail,麥理浩徑,22.40218,114.27556
M071,MacLehose Trail,麥理浩徑,22.39984,114.2735
M072,MacLehose Trail,麥理浩徑,22.39844,114.27068
M073,MacLehose Trail,麥理浩徑,22.40155,114.26843
M074,MacLehose Trail,麥理浩徑,22.40273,114.26437
M075,MacLehose Trail,麥理浩徑,22.40487,114.26281
M076,MacLehose Trail,麥理浩徑,22.40659,114.26022
M077,MacLehose Trail,麥理浩徑,22.40708,114.25523
M078,MacLehose Trail,麥理浩徑,22.40542,114.25266
M079,MacLehose Trail,麥理浩徑,22.40306,114.25311
M080,MacLehose Trail,麥理浩徑,22.39921,114.25282
M081,MacLehose Trail,麥理浩徑,22.39663,114.24973
M082,MacLehose Trail,麥理浩徑,22.39349,114.25209
M083,MacLehose Trail,麥理浩徑,22.38969,114.2512
M084,MacLehose Trail,麥理浩徑,22.38791,114.24698
M085,MacLehose Trail,麥理浩徑,22.38436,114.24704
M086,MacLehose Trail,麥理浩徑,22.37984,114.24462
M087,MacLehose Trail,麥理浩徑,22.37818,114.24227
M088,MacLehose Trail,麥理浩徑,22.37475,114.23915
M089,MacLehose Trail,麥理浩徑,22.37303,114.23577
M090,MacLehose Trail,麥理浩徑,22.37097,114.23239
M091,MacLehose Trail,麥理浩徑,22.37065,114.22769
M092,MacLehose Trail,麥理浩徑,22.36751,114.226
M093,MacLehose Trail,麥理浩徑,22.36406,114.22361
M094,MacLehose Trail,麥理浩徑,22.36131,114.22088
M095,MacLehose Trail,麥理浩徑,22.36052,114.2186
M096,MacLehose Trail,麥理浩徑,22.35956,114.21431
M097,MacLehose Trail,麥理浩徑,22.35823,114.21322
M098,MacLehose Trail,麥理浩徑,22.35566,114.21268
M099,MacLehose Trail,麥理浩徑,22.35528,114.20821
M100,MacLehose Trail,麥理浩徑,22.35444,114.20324
M101,MacLehose Trail,麥理浩徑,22.3555,114.19961
M102,MacLehose Trail,麥理浩徑,22.35554,114.19759
M103,MacLehose Trail,麥理浩徑,22.35659,114.19246
M104,MacLehose Trail,麥理浩徑,22.35493,114.18887
M105,MacLehose Trail,麥理浩徑,22.35394,114.18423
M106,MacLehose Trail,麥理浩徑,22.35242,114.18219
M107,MacLehose Trail,麥理浩徑,22.35006,114.1781
M108,MacLehose Trail,麥理浩徑,22.35021,114.17376
M109,MacLehose Trail,麥理浩徑,22.34971,114.16934
M110,MacLehose Trail,麥理浩徑,22.34898,114.16599
M111,MacLehose Trail,麥理浩徑,22.35024,114.16205
M112,MacLehose Trail,麥理浩徑,22.34944,114.15942
M113,MacLehose Trail,麥理浩徑,22.34983,114.15752
M114,MacLehose Trail,麥理浩徑,22.34986,114.15453
M115,MacLehose Trail,麥理浩徑,22.34819,114.15369
M116,MacLehose Trail,麥理浩徑,22.35195,114.15386
M117,MacLehose Trail,麥理浩徑,22.3546,114.15194
M118,MacLehose Trail,麥理浩徑,22.35797,114.151
M119,MacLehose Trail,麥理浩徑,22.36192,114.15016
M120,MacLehose Trail,麥理浩徑,22.36566,114.15079
M121,MacLehose Trail,麥理浩徑,22.3683,114.14936
M122,MacLehose Trail,麥理浩徑,22.37093,114.14717
M123,MacLehose Trail,麥理浩徑,22.37374,114.14502
M124,MacLehose Trail,麥理浩徑,22.37694,114.14475
M125,MacLehose Trail,麥理浩徑,22.37804,114.1463
M126,MacLehose Trail,麥理浩徑,22.38053,114.1499
M127,MacLehose Trail,麥理浩徑,22.38176,114.15405
M128,MacLehose Trail,麥理浩徑,22.38455,114.15703
M129,MacLehose Trail,麥理浩徑,22.38763,114.16107
M130,MacLehose Trail,麥理浩徑,22.39165,114.16361
M131,MacLehose Trail,麥理浩徑,22.39394,114.16764
M132,MacLehose Trail,麥理浩徑,22.39813,114.1669
M133,MacLehose Trail,麥理浩徑,22.40122,114.16783
M134,MacLehose Trail,麥理浩徑,22.4049,114.1676
M135,MacLehose Trail,麥理浩徑,22.40887,114.1653
M136,MacLehose Trail,麥理浩徑,22.41157,114.16378
M137,MacLehose Trail,麥理浩徑,22.41246,114.15969
M138,MacLehose Trail,麥理浩徑,22.41241,114.15607
M139,MacLehose Trail,麥理浩徑,22.41397,114.1515
M140,MacLehose Trail,麥理浩徑,22.41613,114.14833
M141,MacLehose Trail,麥理浩徑,22.41602,114.14414
M142,MacLehose Trail,麥理浩徑,22.41739,114.1394
M143,MacLehose Trail,麥理浩徑,22.41676,114.13445
M144,MacLehose Trail,麥理浩徑,22.41664,114.13036
M145,MacLehose Trail,麥理浩徑,22.41647,114.12692
M146,MacLehose Trail,麥理浩徑,22.41394,114.12395
M147,MacLehose Trail,麥理浩徑,22.41137,114.12548
M148,MacLehose Trail,麥理浩徑,22.40838,114.12421
M149,MacLehose Trail,麥理浩徑,22.4079,114.1238
M150,MacLehose Trail,麥理浩徑,22.40724,114.12209
M151,MacLehose Trail,麥理浩徑,22.40849,114.1216
M152,MacLehose Trail,麥理浩徑,22.41149,114.11887
M153,MacLehose Trail,麥理浩徑,22.41022,114.11576
M154,MacLehose Trail,麥理浩徑,22.40844,114.11178
M155,MacLehose Trail,麥理浩徑,22.4074,114.10766
M156,MacLehose Trail,麥理浩徑,22.40668,114.10526
M157,MacLehose Trail,麥理浩徑,22.40757,114.10203
M158,MacLehose Trail,麥理浩徑,22.40509,114.09851
M159,MacLehose Trail,麥理浩徑,22.40203,114.09591
M160,MacLehose Trail,麥理浩徑,22.3995,114.09238
M161,MacLehose Trail,麥理浩徑,22.40148,114.08923
M162,MacLehose Trail,麥理浩徑,22.40124,114.08479
M163,MacLehose Trail,麥理浩徑,22.39851,114.08208
M164,MacLehose Trail,麥理浩徑,22.39689,114.07812
M165,MacLehose Trail,麥理浩徑,22.39616,114.07411
M166,MacLehose Trail,麥理浩徑,22.39335,114.07363
M167,MacLehose Trail,麥理浩徑,22.39294,114.07004
M168,MacLehose Trail,麥理浩徑,22.39129,114.06688
M169,MacLehose Trail,麥理浩徑,22.39002,114.06343
M170,MacLehose Trail,麥理浩徑,22.3935,114.06123
M171,MacLehose Trail,麥理浩徑,22.39602,114.05855
M172,MacLehose Trail,麥理浩徑,22.39771,114.05315
M173,MacLehose Trail,麥理浩徑,22.39773,114.04914
M174,MacLehose Trail,麥理浩徑,22.39717,114.04646
M175,MacLehose Trail,麥理浩徑,22.39704,114.04321
M176,MacLehose Trail,麥理浩徑,22.39749,114.03929
M177,MacLehose Trail,麥理浩徑,22.39868,114.03606
M178,MacLehose Trail,麥理浩徑,22.39798,114.03368
M179,MacLehose Trail,麥理浩徑,22.39598,114.0308
M180,MacLehose Trail,麥理浩徑,22.39519,114.02708
M181,MacLehose Trail,麥理浩徑,22.39296,114.02524
M182,MacLehose Trail,麥理浩徑,22.39218,114.02313
M183,MacLehose Trail,麥理浩徑,22.39204,114.02061
M184,MacLehose Trail,麥理浩徑,22.38843,114.01994
M185,MacLehose Trail,麥理浩徑,22.38566,114.02087
M186,MacLehose Trail,麥理浩徑,22.38367,114.01796
M187,MacLehose Trail,麥理浩徑,22.38194,114.01554
M188,MacLehose Trail,麥理浩徑,22.3814,114.01125
M189,MacLehose Trail,麥理浩徑,22.38004,114.00766
M190,MacLehose Trail,麥理浩徑,22.3795,114.00335
M191,MacLehose Trail,麥理浩徑,22.37911,113.99904
M192,MacLehose Trail,麥理浩徑,22.3791,113.99689
M193,MacLehose Trail,麥理浩徑,22.37819,113.99266
M194,MacLehose Trail,麥理浩徑,22.37907,113.98903
M195,MacLehose Trail,麥理浩徑,22.38006,113.98485
M196,MacLehose Trail,麥理浩徑,22.38235,113.9837
M197,MacLehose Trail,麥理浩徑,22.38687,113.98371
M198,MacLehose Trail,麥理浩徑,22.38964,113.98338
M199,MacLehose Trail,麥理浩徑,22.39443,113.9823
M200,MacLehose Trail,麥理浩徑,22.39522,113.97812
W001,Wilson Trail,衞奕信徑,22.22709,114.20714
W002,Wilson Trail,衞奕信徑,22.23068,114.20574
W003,Wilson Trail,衞奕信徑,22.23623,114.20632
W004,Wilson Trail,衞奕信徑,22.24099,114.20441
W005,Wilson Trail,衞奕信徑,22.24217,114.20248
W006,Wilson Trail,衞奕信徑,22.2427,114.19997
W007,Wilson Trail,衞奕信徑,22.24897,114.20004
W008,Wilson Trail,衞奕信徑,22.25495,114.19863
W009,Wilson Trail,衞奕信徑,22.2606,114.1979
W010,Wilson Trail,衞奕信徑,22.26502,114.19769
W011,Wilson Trail,衞奕信徑,22.26643,114.19984
W012,Wilson Trail,衞奕信徑,22.26754,114.20309
W013,Wilson Trail,衞奕信徑,22.26915,114.20744
W014,Wilson Trail,衞奕信徑,22.27219,114.20687
W015,Wilson Trail,衞奕信徑,22.27739,114.20599
W016,Wilson Trail,衞奕信徑,22.28022,114.20714
W017,Wilson Trail,衞奕信徑,22.27808,114.21076
W018,Wilson Trail,衞奕信徑,22.27948,114.21302
W019,Wilson Trail,衞奕信徑,22.29528,114.24141
W020,Wilson Trail,衞奕信徑,22.29062,114.2412
W021,Wilson Trail,衞奕信徑,22.29324,114.24443
W022,Wilson Trail,衞奕信徑,22.29689,114.24545
W023,Wilson Trail,衞奕信徑,22.30035,114.24377
W024,Wilson Trail,衞奕信徑,22.30251,114.2439
W025,Wilson Trail,衞奕信徑,22.30949,114.24447
W026,Wilson Trail,衞奕信徑,22.31325,114.2463
W027,Wilson Trail,衞奕信徑,22.31763,114.24562
W028,Wilson Trail,衞奕信徑,22.32222,114.24581
W029,Wilson Trail,衞奕信徑,22.32631,114.24576
W030,Wilson Trail,衞奕信徑,22.33048,114.24418
W031,Wilson Trail,衞奕信徑,22.33308,114.24073
W032,Wilson Trail,衞奕信徑,22.33571,114.23693
W033,Wilson Trail,衞奕信徑,22.33862,114.23523
W034,Wilson Trail,衞奕信徑,22.34385,114.2333
W035,Wilson Trail,衞奕信徑,22.34666,114.23489
W036,Wilson Trail,衞奕信徑,22.35066,114.23426
W037,Wilson Trail,衞奕信徑,22.35186,114.23472
W038,Wilson Trail,衞奕信徑,22.35514,114.2299
W039,Wilson Trail,衞奕信徑,22.35752,114.22563
W040,Wilson Trail,衞奕信徑,22.35678,114.22214
W041,Wilson Trail,衞奕信徑,22.35322,114.22105
W042,Wilson Trail,衞奕信徑,22.35626,114.21924
W043,Wilson Trail,衞奕信徑,22.35585,114.21516
W044,Wilson Trail,衞奕信徑,22.35537,114.2102
W045,Wilson Trail,衞奕信徑,22.3547,114.20692
W046,Wilson Trail,衞奕信徑,22.35446,114.2025
W047,Wilson Trail,衞奕信徑,22.35636,114.19931
W048,Wilson Trail,衞奕信徑,22.36031,114.19831
W049,Wilson Trail,衞奕信徑,22.36367,114.19542
W050,Wilson Trail,衞奕信徑,22.36579,114.19277
W051,Wilson Trail,衞奕信徑,22.36385,114.19044
W052,Wilson Trail,衞奕信徑,22.36434,114.18717
W053,Wilson Trail,衞奕信徑,22.36295,114.18487
W054,Wilson Trail,衞奕信徑,22.36135,114.18275
W055,Wilson Trail,衞奕信徑,22.35978,114.17835
W056,Wilson Trail,衞奕信徑,22.35599,114.17709
W057,Wilson Trail,衞奕信徑,22.35489,114.17365
W058,Wilson Trail,衞奕信徑,22.35551,114.16955
W059,Wilson Trail,衞奕信徑,22.35586,114.16605
W060,Wilson Trail,衞奕信徑,22.35514,114.16195
W061,Wilson Trail,衞奕信徑,22.35505,114.15806
W062,Wilson Trail,衞奕信徑,22.35819,114.1583
W063,Wilson Trail,衞奕信徑,22.35885,114.15505
W064,Wilson Trail,衞奕信徑,22.35793,114.15166
W065,Wilson Trail,衞奕信徑,22.36153,114.1527
W066,Wilson Trail,衞奕信徑,22.36703,114.1512
W067,Wilson Trail,衞奕信徑,22.37019,114.14966
W068,Wilson Trail,衞奕信徑,22.37182,114.14889
W069,Wilson Trail,衞奕信徑,22.37811,114.14884
W070,Wilson Trail,衞奕信徑,22.38113,114.1476
W071,Wilson Trail,衞奕信徑,22.38434,114.14814
W072,Wilson Trail,衞奕信徑,22.38506,114.15078
W073,Wilson Trail,衞奕信徑,22.38757,114.1521
W074,Wilson Trail,衞奕信徑,22.38912,114.15316
W075,Wilson Trail,衞奕信徑,22.38813,114.14969
W076,Wilson Trail,衞奕信徑,22.39084,114.15058
W077,Wilson Trail,衞奕信徑,22.39393,114.15359
W078,Wilson Trail,衞奕信徑,22.39594,114.15296
W079,Wilson Trail,衞奕信徑,22.39863,114.15068
W080,Wilson Trail,衞奕信徑,22.40056,114.15221
W081,Wilson Trail,衞奕信徑,22.40394,114.15299
W082,Wilson Trail,衞奕信徑,22.40645,114.15469
W083,Wilson Trail,衞奕信徑,22.41059,114.15682
W084,Wilson Trail,衞奕信徑,22.41272,114.1581
W085,Wilson Trail,衞奕信徑,22.41841,114.15925
W086,Wilson Trail,衞奕信徑,22.42246,114.15952
W087,Wilson Trail,衞奕信徑,22.42634,114.16096
W088,Wilson Trail,衞奕信徑,22.4295,114.16193
W089,Wilson Trail,衞奕信徑,22.43324,114.16367
W090,Wilson Trail,衞奕信徑,22.43635,114.1646
W091,Wilson Trail,衞奕信徑,22.43725,114.15942
W092,Wilson Trail,衞奕信徑,22.43725,114.15609
W093,Wilson Trail,衞奕信徑,22.43947,114.1547
W094,Wilson Trail,衞奕信徑,22.44153,114.15157
W095,Wilson Trail,衞奕信徑,22.44476,114.14968
W096,Wilson Trail,衞奕信徑,22.44661,114.15356
W097,Wilson Trail,衞奕信徑,22.44857,114.15755
W098,Wilson Trail,衞奕信徑,22.45302,114.15624
W099,Wilson Trail,衞奕信徑,22.45595,114.15869
W100,Wilson Trail,衞奕信徑,22.46132,114.15984
W101,Wilson Trail,衞奕信徑,22.46302,114.1628
W102,Wilson Trail,衞奕信徑,22.46485,114.16479
W103,Wilson Trail,衞奕信徑,22.46798,114.16774
W104,Wilson Trail,衞奕信徑,22.47189,114.16873
W105,Wilson Trail,衞奕信徑,22.47547,114.16932
W106,Wilson Trail,衞奕信徑,22.47842,114.17173
W107,Wilson Trail,衞奕信徑,22.48192,114.17234
W108,Wilson Trail,衞奕信徑,22.48587,114.17203
W109,Wilson Trail,衞奕信徑,22.48907,114.17422
W110,Wilson Trail,衞奕信徑,22.49203,114.17661
W111,Wilson Trail,衞奕信徑,22.4918,114.17895
W112,Wilson Trail,衞奕信徑,22.49232,114.18151
W113,Wilson Trail,衞奕信徑,22.49039,114.18341
W114,Wilson Trail,衞奕信徑,22.48976,114.18521
W115,Wilson Trail,衞奕信徑,22.4923,114.18868
W116,Wilson Trail,衞奕信徑,22.49475,114.19236
W117,Wilson Trail,衞奕信徑,22.49323,114.19609
W118,Wilson Trail,衞奕信徑,22.49298,114.20064
W119,Wilson Trail,衞奕信徑,22.49109,114.20468
W120,Wilson Trail,衞奕信徑,22.49032,114.20945
W121,Wilson Trail,衞奕信徑,22.49044,114.21304
W122,Wilson Trail,衞奕信徑,22.49026,114.21605
W123,Wilson Trail,衞奕信徑,22.48823,114.22149
W124,Wilson Trail,衞奕信徑,22.48626,114.22704
W125,Wilson Trail,衞奕信徑,22.48548,114.23182
W126,Wilson Trail,衞奕信徑,22.48618,114.23403
W127,Wilson Trail,衞奕信徑,22.49018,114.234
W128,Wilson Trail,衞奕信徑,22.49278,114.23148
W129,Wilson Trail,衞奕信徑,22.4959,114.22958
W130,Wilson Trail,衞奕信徑,22.49614,114.22396
W131,Wilson Trail,衞奕信徑,22.49864,114.22653
W132,Wilson Trail,衞奕信徑,22.50229,114.22408
W133,Wilson Trail,衞奕信徑,22.5041,114.21968
W134,Wilson Trail,衞奕信徑,22.50951,114.21613
W135,Wilson Trail,衞奕信徑,22.51134,114.21404
W136,Wilson Trail,衞奕信徑,22.51223,114.20995
W137,Wilson Trail,衞奕信徑,22.51374,114.2093
C1101,SOUTH LANTAU COUNTRY TRAIL,南大嶼郊遊徑,22.25728,113.98116
C1102,SOUTH LANTAU COUNTRY TRAIL,南大嶼郊遊徑,22.25838,113.97759
C1103,SOUTH LANTAU COUNTRY TRAIL,南大嶼郊遊徑,22.2568,113.97522
C1104,SOUTH LANTAU COUNTRY TRAIL,南大嶼郊遊徑,22.25427,113.97385
C1105,SOUTH LANTAU COUNTRY TRAIL,南大嶼郊遊徑,22.25252,113.971
C1106,SOUTH LANTAU COUNTRY TRAIL,南大嶼郊遊徑,22.25039,113.96858
C1107,SOUTH LANTAU COUNTRY TRAIL,南大嶼郊遊徑,22.24957,113.96478
C1108,SOUTH LANTAU COUNTRY TRAIL,南大嶼郊遊徑,22.25124,113.96164
C1109,SOUTH LANTAU COUNTRY TRAIL,南大嶼郊遊徑,22.24892,113.95865
C1110,SOUTH LANTAU COUNTRY TRAIL,南大嶼郊遊徑,22.24763,113.95549
C1111,SOUTH LANTAU COUNTRY TRAIL,南大嶼郊遊徑,22.24492,113.95317
C1112,SOUTH LANTAU COUNTRY TRAIL,南大嶼郊遊徑,22.24489,113.94993
C1113,SOUTH LANTAU COUNTRY TRAIL,南大嶼郊遊徑,22.24779,113.94774
C1114,SOUTH LANTAU COUNTRY TRAIL,南大嶼郊遊徑,22.2485,113.94321
C1115,SOUTH LANTAU COUNTRY TRAIL,南大嶼郊遊徑,22.24582,113.9409
C1116,SOUTH LANTAU COUNTRY TRAIL,南大嶼郊遊徑,22.24301,113.94046
C1117,SOUTH LANTAU COUNTRY TRAIL,南大嶼郊遊徑,22.23944,113.93904
C1118,SOUTH LANTAU COUNTRY TRAIL,南大嶼郊遊徑,22.2367,113.93636
C1119,SOUTH LANTAU COUNTRY TRAIL,南大嶼郊遊徑,22.23655,113.93424
C1120,SOUTH LANTAU COUNTRY TRAIL,南大嶼郊遊徑,22.23212,113.93118
C1201,WONG LUNG HANG COUNTRY TRAIL,黃龍坑郊遊徑,22.26835,113.95318
C1202,WONG LUNG HANG COUNTRY TRAIL,黃龍坑郊遊徑,22.2658,113.95274
C1203,WONG LUNG HANG COUNTRY TRAIL,黃龍坑郊遊徑,22.26263,113.95415
C1204,WONG LUNG HANG COUNTRY TRAIL,黃龍坑郊遊徑,22.26002,113.95869
C1301,KEUNG SHAN COUNTRY TRAIL,羗山郊遊徑,22.2102,113.86605
C1302,KEUNG SHAN COUNTRY TRAIL,羗山郊遊徑,22.21422,113.86464
C1303,KEUNG SHAN COUNTRY TRAIL,羗山郊遊徑,22.21661,113.86703
C1304,KEUNG SHAN COUNTRY TRAIL,羗山郊遊徑,22.21852,113.86994
C1305,KEUNG SHAN COUNTRY TRAIL,羗山郊遊徑,22.21939,113.87451
C1306,KEUNG SHAN COUNTRY TRAIL,羗山郊遊徑,22.22312,113.87577
C1307,KEUNG SHAN COUNTRY TRAIL,羗山郊遊徑,22.22729,113.87665
C1308,KEUNG SHAN COUNTRY TRAIL,羗山郊遊徑,22.23065,113.87445
C1309,KEUNG SHAN COUNTRY TRAIL,羗山郊遊徑,22.23132,113.87059
C1310,KEUNG SHAN COUNTRY TRAIL,羗山郊遊徑,22.23319,113.86709
C1311,KEUNG SHAN COUNTRY TRAIL,羗山郊遊徑,22.2357,113.87022
C1312,KEUNG SHAN COUNTRY TRAIL,羗山郊遊徑,22.23954,113.87005
C1313,KEUNG SHAN COUNTRY TRAIL,羗山郊遊徑,22.24101,113.87328
C1314,KEUNG SHAN COUNTRY TRAIL,羗山郊遊徑,22.23853,113.87553
C1315,KEUNG SHAN COUNTRY TRAIL,羗山郊遊徑,22.24089,113.87732
C1316,KEUNG SHAN COUNTRY TRAIL,羗山郊遊徑,22.24124,113.88176
C1401,CHI MA WAN COUNTRY TRAIL,芝麻灣郊遊徑,22.23631,113.9859
C1402,CHI MA WAN COUNTRY TRAIL,芝麻灣郊遊徑,22.23446,113.98385
C1403,CHI MA WAN COUNTRY TRAIL,芝麻灣郊遊徑,22.23089,113.98166
C1404,CHI MA WAN COUNTRY TRAIL,芝麻灣郊遊徑,22.22835,113.98067
C1405,CHI MA WAN COUNTRY TRAIL,芝麻灣郊遊徑,22.22654,113.98281
C1406,CHI MA WAN COUNTRY TRAIL,芝麻灣郊遊徑,22.22685,113.98652
C1407,CHI MA WAN COUNTRY TRAIL,芝麻灣郊遊徑,22.22392,113.98626
C1408,CHI MA WAN COUNTRY TRAIL,芝麻灣郊遊徑,22.21987,113.98454
C1409,CHI MA WAN COUNTRY TRAIL,芝麻灣郊遊徑,22.21807,113.982
C1410,CHI MA WAN COUNTRY TRAIL,芝麻灣郊遊徑,22.2173,113.9852
C1411,CHI MA WAN COUNTRY TRAIL,芝麻灣郊遊徑,22.21856,113.9887
C1412,CHI MA WAN COUNTRY TRAIL,芝麻灣郊遊徑,22.22031,113.99092
C1413,CHI MA WAN COUNTRY TRAIL,芝麻灣郊遊徑,22.22254,113.99106
C1414,CHI MA WAN COUNTRY TRAIL,芝麻灣郊遊徑,22.2236,113.99313
C1415,CHI MA WAN COUNTRY TRAIL,芝麻灣郊遊徑,22.22399,113.9953
C1416,CHI MA WAN COUNTRY TRAIL,芝麻灣郊遊徑,22.22669,113.99825
C1417,CHI MA WAN COUNTRY TRAIL,芝麻灣郊遊徑,22.22702,114.0004
C1418,CHI MA WAN COUNTRY TRAIL,芝麻灣郊遊徑,22.2273,114.00196
C1419,CHI MA WAN COUNTRY TRAIL,芝麻灣郊遊徑,22.22336,114.00152
C1420,CHI MA WAN COUNTRY TRAIL,芝麻灣郊遊徑,22.22173,114.00204
C1421,CHI MA WAN COUNTRY TRAIL,芝麻灣郊遊徑,22.21933,114.00283
C1422,CHI MA WAN COUNTRY TRAIL,芝麻灣郊遊徑,22.22213,114.00719
C1423,CHI MA WAN COUNTRY TRAIL,芝麻灣郊遊徑,22.22543,114.0083
C1424,CHI MA WAN COUNTRY TRAIL,芝麻灣郊遊徑,22.2278,114.00723
C1425,CHI MA WAN COUNTRY TRAIL,芝麻灣郊遊徑,22.23056,114.00564
C1426,CHI MA WAN COUNTRY TRAIL,芝麻灣郊遊徑,22.22898,114.00193
C1427,CHI MA WAN COUNTRY TRAIL,芝麻灣郊遊徑,22.23032,113.99801
C1428,CHI MA WAN COUNTRY TRAIL,芝麻灣郊遊徑,22.23327,113.99995
C1429,CHI MA WAN COUNTRY TRAIL,芝麻灣郊遊徑,22.23292,113.99742
C1430,CHI MA WAN COUNTRY TRAIL,芝麻灣郊遊徑,22.23014,113.99574
C1431,CHI MA WAN COUNTRY TRAIL,芝麻灣郊遊徑,22.22709,113.99384
C1432,CHI MA WAN COUNTRY TRAIL,芝麻灣郊遊徑,22.22741,113.99036
C1433,CHI MA WAN COUNTRY TRAIL,芝麻灣郊遊徑,22.22925,113.98653
C1434,CHI MA WAN COUNTRY TRAIL,芝麻灣郊遊徑,22.23174,113.98541
C1435,CHI MA WAN COUNTRY TRAIL,芝麻灣郊遊徑,22.23482,113.98818
C1436,CHI MA WAN COUNTRY TRAIL,芝麻灣郊遊徑,22.23852,113.98778
C1501,SHEK PIK COUNTRY TRAIL,石壁郊遊徑,22.24918,113.9121
C1502,SHEK PIK COUNTRY TRAIL,石壁郊遊徑,22.24575,113.91145
C1503,SHEK PIK COUNTRY TRAIL,石壁郊遊徑,22.24327,113.91044
C1504,SHEK PIK COUNTRY TRAIL,石壁郊遊徑,22.24105,113.90845
C1505,SHEK PIK COUNTRY TRAIL,石壁郊遊徑,22.23865,113.90553
C1506,SHEK PIK COUNTRY TRAIL,石壁郊遊徑,22.23769,113.90861
C1507,SHEK PIK COUNTRY TRAIL,石壁郊遊徑,22.23647,113.90765
C1508,SHEK PIK COUNTRY TRAIL,石壁郊遊徑,22.23369,113.90818
C1509,SHEK PIK COUNTRY TRAIL,石壁郊遊徑,22.23093,113.90959
C1510,SHEK PIK COUNTRY TRAIL,石壁郊遊徑,22.22977,113.90593
C1511,SHEK PIK COUNTRY TRAIL,石壁郊遊徑,22.22699,113.90428
C1601,FAN LAU COUNTRY TRAIL,分流郊遊徑,22.2024,113.85414
C1602,FAN LAU COUNTRY TRAIL,分流郊遊徑,22.19773,113.85192
C1603,FAN LAU COUNTRY TRAIL,分流郊遊徑,22.19907,113.8493
C1604,FAN LAU COUNTRY TRAIL,分流郊遊徑,22.20258,113.84904
C1701,TEI TONG TSAI COUNTRY TRAIL,地塘仔郊遊徑,22.25434,113.93796
C1702,TEI TONG TSAI COUNTRY TRAIL,地塘仔郊遊徑,22.25611,113.93545
C1703,TEI TONG TSAI COUNTRY TRAIL,地塘仔郊遊徑,22.2582,113.93226
C1704,TEI TONG TSAI COUNTRY TRAIL,地塘仔郊遊徑,22.25895,113.9284
C1801,NEI LAK SHAN COUNTRY TRAIL,彌勒山郊遊徑,22.25728,113.91205
C1802,NEI LAK SHAN COUNTRY TRAIL,彌勒山郊遊徑,22.25905,113.90793
C1803,NEI LAK SHAN COUNTRY TRAIL,彌勒山郊遊徑,22.26159,113.90601
C1804,NEI LAK SHAN COUNTRY TRAIL,彌勒山郊遊徑,22.26685,113.90681
C1805,NEI LAK SHAN COUNTRY TRAIL,彌勒山郊遊徑,22.26908,113.90886
C1806,NEI LAK SHAN COUNTRY TRAIL,彌勒山郊遊徑,22.27009,113.91252
C1807,NEI LAK SHAN COUNTRY TRAIL,彌勒山郊遊徑,22.26693,113.91423
C1808,NEI LAK SHAN COUNTRY TRAIL,彌勒山郊遊徑,22.26338,113.91576
C1809,NEI LAK SHAN COUNTRY TRAIL,彌勒山郊遊徑,22.26045,113.91534
C1810,NEI LAK SHAN COUNTRY TRAIL,彌勒山郊遊徑,22.25689,113.91425
C2101,HOK TAU COUNTRY TRAIL,鶴藪郊遊徑,22.50654,114.17201
C2102,HOK TAU COUNTRY TRAIL,鶴藪郊遊徑,22.50895,114.17527
C2103,HOK TAU COUNTRY TRAIL,鶴藪郊遊徑,22.50879,114.17702
C2104,HOK TAU COUNTRY TRAIL,鶴藪郊遊徑,22.50487,114.17664
C2105,HOK TAU COUNTRY TRAIL,鶴藪郊遊徑,22.50412,114.17347
C2201,LAU SHUI HEUNG COUNTRY TRAIL,流水響郊遊徑,22.49344,114.17191
C2202,LAU SHUI HEUNG COUNTRY TRAIL,流水響郊遊徑,22.49121,114.1747
C2203,LAU SHUI HEUNG COUNTRY TRAIL,流水響郊遊徑,22.48791,114.17314
C2204,LAU SHUI HEUNG COUNTRY TRAIL,流水響郊遊徑,22.48435,114.17147
C2205,LAU SHUI HEUNG COUNTRY TRAIL,流水響郊遊徑,22.48669,114.16933
C2206,LAU SHUI HEUNG COUNTRY TRAIL,流水響郊遊徑,22.48576,114.16577
C2207,LAU SHUI HEUNG COUNTRY TRAIL,流水響郊遊徑,22.48805,114.16563
C2208,LAU SHUI HEUNG COUNTRY TRAIL,流水響郊遊徑,22.49246,114.16764
C2301,PING CHAU COUNTRY TRAIL,平洲環島郊遊徑,22.54433,114.43269
C2302,PING CHAU COUNTRY TRAIL,平洲環島郊遊徑,22.54181,114.43539
C2303,PING CHAU COUNTRY TRAIL,平洲環島郊遊徑,22.54137,114.44087
C2304,PING CHAU COUNTRY TRAIL,平洲環島郊遊徑,22.53861,114.43928
C2305,PING CHAU COUNTRY TRAIL,平洲環島郊遊徑,22.53855,114.43518
C2306,PING CHAU COUNTRY TRAIL,平洲環島郊遊徑,22.54028,114.43119
C2307,PING CHAU COUNTRY TRAIL,平洲環島郊遊徑,22.542,114.42735
C2308,PING CHAU COUNTRY TRAIL,平洲環島郊遊徑,22.54559,114.4261
C2309,PING CHAU COUNTRY TRAIL,平洲環島郊遊徑,22.54916,114.42573
C2310,PING CHAU COUNTRY TRAIL,平洲環島郊遊徑,22.55191,114.42814
C2311,PING CHAU COUNTRY TRAIL,平洲環島郊遊徑,22.55201,114.43032
C2312,PING CHAU COUNTRY TRAIL,平洲環島郊遊徑,22.54813,114.43024
C2401,WU KAU TANG COUNTRY TRAIL,烏蛟騰郊遊徑,22.51355,114.24362
C2402,WU KAU TANG COUNTRY TRAIL,烏蛟騰郊遊徑,22.5158,114.24165
C2403,WU KAU TANG COUNTRY TRAIL,烏蛟騰郊遊徑,22.51728,114.239
C2404,WU KAU TANG COUNTRY TRAIL,烏蛟騰郊遊徑,22.51538,114.23535
C2501,NAM CHUNG COUNTRY TRAIL,南涌郊遊徑,22.51398,114.20561
C2502,NAM CHUNG COUNTRY TRAIL,南涌郊遊徑,22.51051,114.20502
C2503,NAM CHUNG COUNTRY TRAIL,南涌郊遊徑,22.50722,114.20433
C2504,NAM CHUNG COUNTRY TRAIL,南涌郊遊徑,22.50836,114.2004
C2505,NAM CHUNG COUNTRY TRAIL,南涌郊遊徑,22.50772,114.19641
C2506,NAM CHUNG COUNTRY TRAIL,南涌郊遊徑,22.50413,114.19545
C2507,NAM CHUNG COUNTRY TRAIL,南涌郊遊徑,22.50179,114.19249
C2508,NAM CHUNG COUNTRY TRAIL,南涌郊遊徑,22.50525,114.18972
C2509,NAM CHUNG COUNTRY TRAIL,南涌郊遊徑,22.50858,114.18795
C2510,NAM CHUNG COUNTRY TRAIL,南涌郊遊徑,22.51045,114.18453
C2511,NAM CHUNG COUNTRY TRAIL,南涌郊遊徑,22.5107,114.18128
C2601,PLOVER COVE RESERVOIR COUNTRY TRAIL,船灣淡水湖郊遊徑,22.50186,114.24316
C2602,PLOVER COVE RESERVOIR COUNTRY TRAIL,船灣淡水湖郊遊徑,22.49881,114.24647
C2603,PLOVER COVE RESERVOIR COUNTRY TRAIL,船灣淡水湖郊遊徑,22.49498,114.24892
C2604,PLOVER COVE RESERVOIR COUNTRY TRAIL,船灣淡水湖郊遊徑,22.49333,114.25254
C2605,PLOVER COVE RESERVOIR COUNTRY TRAIL,船灣淡水湖郊遊徑,22.49291,114.25726
C2606,PLOVER COVE RESERVOIR COUNTRY TRAIL,船灣淡水湖郊遊徑,22.49284,114.26171
C2607,PLOVER COVE RESERVOIR COUNTRY TRAIL,船灣淡水湖郊遊徑,22.4939,114.26529
C2608,PLOVER COVE RESERVOIR COUNTRY TRAIL,船灣淡水湖郊遊徑,22.49537,114.26789
C2609,PLOVER COVE RESERVOIR COUNTRY TRAIL,船灣淡水湖郊遊徑,22.49613,114.27186
C2610,PLOVER COVE RESERVOIR COUNTRY TRAIL,船灣淡水湖郊遊徑,22.49715,114.27712
C2611,PLOVER COVE RESERVOIR COUNTRY TRAIL,船灣淡水湖郊遊徑,22.49798,114.28106
C2612,PLOVER COVE RESERVOIR COUNTRY TRAIL,船灣淡水湖郊遊徑,22.49659,114.28627
C2613,PLOVER COVE RESERVOIR COUNTRY TRAIL,船灣淡水湖郊遊徑,22.49406,114.29027
C2614,PLOVER COVE RESERVOIR COUNTRY TRAIL,船灣淡水湖郊遊徑,22.49134,114.2935
C2615,PLOVER COVE RESERVOIR COUNTRY TRAIL,船灣淡水湖郊遊徑,22.48783,114.29404
C2616,PLOVER COVE RESERVOIR COUNTRY TRAIL,船灣淡水湖郊遊徑,22.48389,114.29241
C2617,PLOVER COVE RESERVOIR COUNTRY TRAIL,船灣淡水湖郊遊徑,22.4798,114.28938
C2618,PLOVER COVE RESERVOIR COUNTRY TRAIL,船灣淡水湖郊遊徑,22.47701,114.28657
C2619,PLOVER COVE RESERVOIR COUNTRY TRAIL,船灣淡水湖郊遊徑,22.47388,114.2828
C2620,PLOVER COVE RESERVOIR COUNTRY TRAIL,船灣淡水湖郊遊徑,22.47293,114.27924
C2621,PLOVER COVE RESERVOIR COUNTRY TRAIL,船灣淡水湖郊遊徑,22.47283,114.27495
C2622,PLOVER COVE RESERVOIR COUNTRY TRAIL,船灣淡水湖郊遊徑,22.47295,114.27087
C2623,PLOVER COVE RESERVOIR COUNTRY TRAIL,船灣淡水湖郊遊徑,22.4712,114.26744
C2624,PLOVER COVE RESERVOIR COUNTRY TRAIL,船灣淡水湖郊遊徑,22.46874,114.26426
C2625,PLOVER COVE RESERVOIR COUNTRY TRAIL,船灣淡水湖郊遊徑,22.46618,114.26549
C2626,PLOVER COVE RESERVOIR COUNTRY TRAIL,船灣淡水湖郊遊徑,22.46313,114.26324
C2627,PLOVER COVE RESERVOIR COUNTRY TRAIL,船灣淡水湖郊遊徑,22.4605,114.26075
C2628,PLOVER COVE RESERVOIR COUNTRY TRAIL,船灣淡水湖郊遊徑,22.45634,114.25885
C2629,PLOVER COVE RESERVOIR COUNTRY TRAIL,船灣淡水湖郊遊徑,22.45676,114.2551
C2630,PLOVER COVE RESERVOIR COUNTRY TRAIL,船灣淡水湖郊遊徑,22.45831,114.25256
C2701,DOUBLE HAVEN COUNTRY TRAIL,印洲塘郊遊徑,22.5038,114.24535
C2702,DOUBLE HAVEN COUNTRY TRAIL,印洲塘郊遊徑,22.50337,114.24924
C2703,DOUBLE HAVEN COUNTRY TRAIL,印洲塘郊遊徑,22.5046,114.25335
C2704,DOUBLE HAVEN COUNTRY TRAIL,印洲塘郊遊徑,22.50337,114.25736
C2705,DOUBLE HAVEN COUNTRY TRAIL,印洲塘郊遊徑,22.50267,114.26147
C2706,DOUBLE HAVEN COUNTRY TRAIL,印洲塘郊遊徑,22.5032,114.26535
C2707,DOUBLE HAVEN COUNTRY TRAIL,印洲塘郊遊徑,22.50454,114.26883
C2708,DOUBLE HAVEN COUNTRY TRAIL,印洲塘郊遊徑,22.50736,114.27105
C2709,DOUBLE HAVEN COUNTRY TRAIL,印洲塘郊遊徑,22.51137,114.27197
C2710,DOUBLE HAVEN COUNTRY TRAIL,印洲塘郊遊徑,22.51393,114.27205
C2711,DOUBLE HAVEN COUNTRY TRAIL,印洲塘郊遊徑,22.51738,114.27058
C2712,DOUBLE HAVEN COUNTRY TRAIL,印洲塘郊遊徑,22.51902,114.26763
C2713,DOUBLE HAVEN COUNTRY TRAIL,印洲塘郊遊徑,22.52171,114.26483
C2714,DOUBLE HAVEN COUNTRY TRAIL,印洲塘郊遊徑,22.5255,114.26381
C2715,DOUBLE HAVEN COUNTRY TRAIL,印洲塘郊遊徑,22.52647,114.26144
C2716,DOUBLE HAVEN COUNTRY TRAIL,印洲塘郊遊徑,22.52981,114.26277
C2717,DOUBLE HAVEN COUNTRY TRAIL,印洲塘郊遊徑,22.52072,114.27192
C2718,DOUBLE HAVEN COUNTRY TRAIL,印洲塘郊遊徑,22.52234,114.27453
C2719,DOUBLE HAVEN COUNTRY TRAIL,印洲塘郊遊徑,22.52196,114.27738
C2720,DOUBLE HAVEN COUNTRY TRAIL,印洲塘郊遊徑,22.52178,114.28089
C2721,DOUBLE HAVEN COUNTRY TRAIL,印洲塘郊遊徑,22.52364,114.28461
C3101,HIGH JUNK PEAK COUNTRY TRAIL,釣魚翁郊遊徑,22.31348,114.28107
C3102,HIGH JUNK PEAK COUNTRY TRAIL,釣魚翁郊遊徑,22.30822,114.28156
C3103,HIGH JUNK PEAK COUNTRY TRAIL,釣魚翁郊遊徑,22.30665,114.28151
C3104,HIGH JUNK PEAK COUNTRY TRAIL,釣魚翁郊遊徑,22.30095,114.28108
C3105,HIGH JUNK PEAK COUNTRY TRAIL,釣魚翁郊遊徑,22.29692,114.28346
C3106,HIGH JUNK PEAK COUNTRY TRAIL,釣魚翁郊遊徑,22.29344,114.28475
C3107,HIGH JUNK PEAK COUNTRY TRAIL,釣魚翁郊遊徑,22.28903,114.28247
C3108,HIGH JUNK PEAK COUNTRY TRAIL,釣魚翁郊遊徑,22.28541,114.28373
C3109,HIGH JUNK PEAK COUNTRY TRAIL,釣魚翁郊遊徑,22.2827,114.2856
C3110,HIGH JUNK PEAK COUNTRY TRAIL,釣魚翁郊遊徑,22.27836,114.28484
C3111,HIGH JUNK PEAK COUNTRY TRAIL,釣魚翁郊遊徑,22.27416,114.28851
C3201,LUNG HA WAN COUNTRY TRAIL,龍蝦灣郊遊徑,22.297,114.30227
C3202,LUNG HA WAN COUNTRY TRAIL,龍蝦灣郊遊徑,22.29889,114.3049
C3203,LUNG HA WAN COUNTRY TRAIL,龍蝦灣郊遊徑,22.30317,114.30373
C3204,LUNG HA WAN COUNTRY TRAIL,龍蝦灣郊遊徑,22.30596,114.30252
C3301,MA ON SHAN COUNTRY TRAIL,馬鞍山郊遊徑,22.40456,114.23954
C3302,MA ON SHAN COUNTRY TRAIL,馬鞍山郊遊徑,22.40319,114.24458
C3303,MA ON SHAN COUNTRY TRAIL,馬鞍山郊遊徑,22.40114,114.24575
C3304,MA ON SHAN COUNTRY TRAIL,馬鞍山郊遊徑,22.3991,114.2478
C3305,MA ON SHAN COUNTRY TRAIL,馬鞍山郊遊徑,22.39508,114.2507
C3306,MA ON SHAN COUNTRY TRAIL,馬鞍山郊遊徑,22.3911,114.25216
C3307,MA ON SHAN COUNTRY TRAIL,馬鞍山郊遊徑,22.38745,114.25421
C3308,MA ON SHAN COUNTRY TRAIL,馬鞍山郊遊徑,22.38542,114.25846
C3401,LUNG MUN COUNTRY TRAIL,龍門郊遊徑,22.39317,114.12062
C3402,LUNG MUN COUNTRY TRAIL,龍門郊遊徑,22.39456,114.12373
C3403,LUNG MUN COUNTRY TRAIL,龍門郊遊徑,22.39141,114.12558
C3404,LUNG MUN COUNTRY TRAIL,龍門郊遊徑,22.38913,114.1281
C3405,LUNG MUN COUNTRY TRAIL,龍門郊遊徑,22.38795,114.13123
C3406,LUNG MUN COUNTRY TRAIL,龍門郊遊徑,22.38932,114.1343
C3407,LUNG MUN COUNTRY TRAIL,龍門郊遊徑,22.39216,114.13656
C3408,LUNG MUN COUNTRY TRAIL,龍門郊遊徑,22.39114,114.14019
C3409,LUNG MUN COUNTRY TRAIL,龍門郊遊徑,22.38764,114.14222
C3410,LUNG MUN COUNTRY TRAIL,龍門郊遊徑,22.38676,114.14449
C4101,TAI TAM COUNTRY TRAIL,大潭郊遊徑,22.25488,114.19498
C4102,TAI TAM COUNTRY TRAIL,大潭郊遊徑,22.25236,114.19716
C4103,TAI TAM COUNTRY TRAIL,大潭郊遊徑,22.25021,114.19968
C4104,TAI TAM COUNTRY TRAIL,大潭郊遊徑,22.2537,114.19961
C4105,TAI TAM COUNTRY TRAIL,大潭郊遊徑,22.25656,114.19786
C4106,TAI TAM COUNTRY TRAIL,大潭郊遊徑,22.25939,114.19664
C4107,TAI TAM COUNTRY TRAIL,大潭郊遊徑,22.26104,114.19471
C4108,TAI TAM COUNTRY TRAIL,大潭郊遊徑,22.26217,114.19272
C4109,TAI TAM COUNTRY TRAIL,大潭郊遊徑,22.25834,114.19513
C4201,POTTINGER PEAK COUNTRY TRAIL,砵甸乍山郊遊徑,22.25412,114.24347
C4202,POTTINGER PEAK COUNTRY TRAIL,砵甸乍山郊遊徑,22.25335,114.24722
C4203,POTTINGER PEAK COUNTRY TRAIL,砵甸乍山郊遊徑,22.2543,114.25083
C4301,HONG PAK COUNTRY TRAIL,康柏郊遊徑,22.27205,114.21267
C4302,HONG PAK COUNTRY TRAIL,康柏郊遊徑,22.26968,114.21378
C4303,HONG PAK COUNTRY TRAIL,康柏郊遊徑,22.27106,114.21674
C4304,HONG PAK COUNTRY TRAIL,康柏郊遊徑,22.27395,114.21777
C4305,HONG PAK COUNTRY TRAIL,康柏郊遊徑,22.27692,114.21765
C4306,HONG PAK COUNTRY TRAIL,康柏郊遊徑,22.27867,114.21542
C5101,PAK TAM COUNTRY TRAIL,北潭郊遊徑,22.41615,114.33109
C5102,PAK TAM COUNTRY TRAIL,北潭郊遊徑,22.41266,114.33
C5103,PAK TAM COUNTRY TRAIL,北潭郊遊徑,22.40919,114.32782
C5201,CHEUNG SHEUNG COUNTRY TRAIL,嶂上郊遊徑,22.4371,114.32298
C5202,CHEUNG SHEUNG COUNTRY TRAIL,嶂上郊遊徑,22.43658,114.31908
C5203,CHEUNG SHEUNG COUNTRY TRAIL,嶂上郊遊徑,22.43425,114.31622
C5204,CHEUNG SHEUNG COUNTRY TRAIL,嶂上郊遊徑,22.43088,114.31426
C5205,CHEUNG SHEUNG COUNTRY TRAIL,嶂上郊遊徑,22.4287,114.31111
C5206,CHEUNG SHEUNG COUNTRY TRAIL,嶂上郊遊徑,22.42879,114.30635
C5207,CHEUNG SHEUNG COUNTRY TRAIL,嶂上郊遊徑,22.4296,114.30251
C5208,CHEUNG SHEUNG COUNTRY TRAIL,嶂上郊遊徑,22.42874,114.29836
C5301,LUK WU COUNTRY TRAIL,鹿湖郊遊徑,22.39909,114.35853
C5302,LUK WU COUNTRY TRAIL,鹿湖郊遊徑,22.40229,114.35876
C5303,LUK WU COUNTRY TRAIL,鹿湖郊遊徑,22.40543,114.35612
C5304,LUK WU COUNTRY TRAIL,鹿湖郊遊徑,22.40593,114.35234
C5305,LUK WU COUNTRY TRAIL,鹿湖郊遊徑,22.40774,114.34865
C5306,LUK WU COUNTRY TRAIL,鹿湖郊遊徑,22.40869,114.34412
C5307,LUK WU COUNTRY TRAIL,鹿湖郊遊徑,22.40812,114.33929
C5308,LUK WU COUNTRY TRAIL,鹿湖郊遊徑,22.40884,114.33528
C5309,LUK WU COUNTRY TRAIL,鹿湖郊遊徑,22.40973,114.33148
C5310,LUK WU COUNTRY TRAIL,鹿湖郊遊徑,22.40791,114.32801
C5401,TAI TAN COUNTRY TRAIL,大灘郊遊徑,22.43951,114.32894
C5402,TAI TAN COUNTRY TRAIL,大灘郊遊徑,22.43988,114.3322
C5403,TAI TAN COUNTRY TRAIL,大灘郊遊徑,22.44112,114.33703
C5404,TAI TAN COUNTRY TRAIL,大灘郊遊徑,22.44186,114.3394
C5405,TAI TAN COUNTRY TRAIL,大灘郊遊徑,22.44524,114.34123
C5406,TAI TAN COUNTRY TRAIL,大灘郊遊徑,22.44802,114.33818
C5407,TAI TAN COUNTRY TRAIL,大灘郊遊徑,22.4518,114.33708
C5408,TAI TAN COUNTRY TRAIL,大灘郊遊徑,22.45338,114.3346
C5409,TAI TAN COUNTRY TRAIL,大灘郊遊徑,22.45547,114.33525
C5410,TAI TAN COUNTRY TRAIL,大灘郊遊徑,22.45865,114.33743
C5411,TAI TAN COUNTRY TRAIL,大灘郊遊徑,22.46278,114.33738
C5501,SHEUNG YIU COUNTRY TRAIL,上窰郊遊徑,22.3875,114.32291
C5502,SHEUNG YIU COUNTRY TRAIL,上窰郊遊徑,22.38605,114.32631
C5503,SHEUNG YIU COUNTRY TRAIL,上窰郊遊徑,22.38434,114.32662
C5504,SHEUNG YIU COUNTRY TRAIL,上窰郊遊徑,22.38132,114.32819
C5505,SHEUNG YIU COUNTRY TRAIL,上窰郊遊徑,22.38073,114.33111
C5506,SHEUNG YIU COUNTRY TRAIL,上窰郊遊徑,22.38102,114.33417
C6101,YUEN TSUEN ANCIENT TRAIL,元荃古道,22.37789,114.0936
C6102,YUEN TSUEN ANCIENT TRAIL,元荃古道,22.37829,114.08951
C6103,YUEN TSUEN ANCIENT TRAIL,元荃古道,22.38022,114.08572
C6104,YUEN TSUEN ANCIENT TRAIL,元荃古道,22.38339,114.08436
C6105,YUEN TSUEN ANCIENT TRAIL,元荃古道,22.38633,114.08137
C6106,YUEN TSUEN ANCIENT TRAIL,元荃古道,22.38713,114.07747
C6107,YUEN TSUEN ANCIENT TRAIL,元荃古道,22.38847,114.07401
C6108,YUEN TSUEN ANCIENT TRAIL,元荃古道,22.38715,114.07084
C6109,YUEN TSUEN ANCIENT TRAIL,元荃古道,22.38718,114.06803
C6110,YUEN TSUEN ANCIENT TRAIL,元荃古道,22.39045,114.06579
C6111,YUEN TSUEN ANCIENT TRAIL,元荃古道,22.38777,114.06189
C6112,YUEN TSUEN ANCIENT TRAIL,元荃古道,22.38498,114.06062
C6113,YUEN TSUEN ANCIENT TRAIL,元荃古道,22.38602,114.05717
C6114,YUEN TSUEN ANCIENT TRAIL,元荃古道,22.38829,114.05512
C6115,YUEN TSUEN ANCIENT TRAIL,元荃古道,22.39076,114.05172
C6116,YUEN TSUEN ANCIENT TRAIL,元荃古道,22.39265,114.04957
C6117,YUEN TSUEN ANCIENT TRAIL,元荃古道,22.39598,114.04869
C6118,YUEN TSUEN ANCIENT TRAIL,元荃古道,22.3962,114.04571
C6119,YUEN TSUEN ANCIENT TRAIL,元荃古道,22.39708,114.04362
C6120,YUEN TSUEN ANCIENT TRAIL,元荃古道,22.4003,114.04432
C6121,YUEN TSUEN ANCIENT TRAIL,元荃古道,22.40479,114.04218
C6122,YUEN TSUEN ANCIENT TRAIL,元荃古道,22.40823,114.03988
C6123,YUEN TSUEN ANCIENT TRAIL,元荃古道,22.41139,114.03695
C6124,YUEN TSUEN ANCIENT TRAIL,元荃古道,22.40961,114.03398
C6125,YUEN TSUEN ANCIENT TRAIL,元荃古道,22.40928,114.03169
C6126,YUEN TSUEN ANCIENT TRAIL,元荃古道,22.41012,114.03069
C6201,KAP LUNG ANCIENT TRAIL,甲龍古道,22.41452,114.10431
C6202,KAP LUNG ANCIENT TRAIL,甲龍古道,22.41701,114.10718
C6203,KAP LUNG ANCIENT TRAIL,甲龍古道,22.42069,114.10745
C6204,KAP LUNG ANCIENT TRAIL,甲龍古道,22.42456,114.10668
C6301,YUEN TUN COUNTRY TRAIL,圓墩郊遊徑,22.37014,114.0511
C6302,YUEN TUN COUNTRY TRAIL,圓墩郊遊徑,22.37153,114.04971
C6303,YUEN TUN COUNTRY TRAIL,圓墩郊遊徑,22.37575,114.04944
C6304,YUEN TUN COUNTRY TRAIL,圓墩郊遊徑,22.37313,114.04592
C6305,YUEN TUN COUNTRY TRAIL,圓墩郊遊徑,22.37446,114.04301
C6306,YUEN TUN COUNTRY TRAIL,圓墩郊遊徑,22.37505,114.04033
C6307,YUEN TUN COUNTRY TRAIL,圓墩郊遊徑,22.37628,114.03783
C6308,YUEN TUN COUNTRY TRAIL,圓墩郊遊徑,22.37883,114.03822
C6309,YUEN TUN COUNTRY TRAIL,圓墩郊遊徑,22.3818,114.04008
C6310,YUEN TUN COUNTRY TRAIL,圓墩郊遊徑,22.38171,114.0428
C6311,YUEN TUN COUNTRY TRAIL,圓墩郊遊徑,22.38086,114.04519
C6312,YUEN TUN COUNTRY TRAIL,圓墩郊遊徑,22.38091,114.04734
C6313,YUEN TUN COUNTRY TRAIL,圓墩郊遊徑,22.38324,114.04801
C6314,YUEN TUN COUNTRY TRAIL,圓墩郊遊徑,22.38656,114.04803
C6315,YUEN TUN COUNTRY TRAIL,圓墩郊遊徑,22.38552,114.04995
C6316,YUEN TUN COUNTRY TRAIL,圓墩郊遊徑,22.38902,114.0496
C6317,YUEN TUN COUNTRY TRAIL,圓墩郊遊徑,22.38977,114.05055
C6318,YUEN TUN COUNTRY TRAIL,圓墩郊遊徑,22.39202,114.04784
C6319,YUEN TUN COUNTRY TRAIL,圓墩郊遊徑,22.39514,114.0468
C6320,YUEN TUN COUNTRY TRAIL,圓墩郊遊徑,22.3984,114.04798
C6401,TAI LAM CHUNG COUNTRY TRAIL,大欖涌郊遊徑,22.42117,114.06072
C6402,TAI LAM CHUNG COUNTRY TRAIL,大欖涌郊遊徑,22.42203,114.05942
C6403,TAI LAM CHUNG COUNTRY TRAIL,大欖涌郊遊徑,22.4263,114.06224
C6404,TAI LAM CHUNG COUNTRY TRAIL,大欖涌郊遊徑,22.42482,114.05755
C6405,TAI LAM CHUNG COUNTRY TRAIL,大欖涌郊遊徑,22.4229,114.05534
C6406,TAI LAM CHUNG COUNTRY TRAIL,大欖涌郊遊徑,22.41809,114.05511
C6407,TAI LAM CHUNG COUNTRY TRAIL,大欖涌郊遊徑,22.41428,114.05417
C6408,TAI LAM CHUNG COUNTRY TRAIL,大欖涌郊遊徑,22.41055,114.05113
C6409,TAI LAM CHUNG COUNTRY TRAIL,大欖涌郊遊徑,22.40938,114.04733
C6410,TAI LAM CHUNG COUNTRY TRAIL,大欖涌郊遊徑,22.40626,114.04751
C6411,TAI LAM CHUNG COUNTRY TRAIL,大欖涌郊遊徑,22.40081,114.04658
C6412,TAI LAM CHUNG COUNTRY TRAIL,大欖涌郊遊徑,22.39839,114.048
C6501,FU TEI COUNTRY TRAIL,虎地郊遊徑,22.40665,113.98872
C6502,FU TEI COUNTRY TRAIL,虎地郊遊徑,22.40257,113.98926
C6503,FU TEI COUNTRY TRAIL,虎地郊遊徑,22.39904,113.98806
C6504,FU TEI COUNTRY TRAIL,虎地郊遊徑,22.3968,113.98951
C6505,FU TEI COUNTRY TRAIL,虎地郊遊徑,22.39475,113.99134
C6506,FU TEI COUNTRY TRAIL,虎地郊遊徑,22.39876,113.99105
C6507,FU TEI COUNTRY TRAIL,虎地郊遊徑,22.40321,113.99065
C6508,FU TEI COUNTRY TRAIL,虎地郊遊徑,22.40721,113.99008
C6509,FU TEI COUNTRY TRAIL,虎地郊遊徑,22.41147,113.98973
C7101,LO FU TAU COUNTRY TRAIL,老虎頭郊遊徑,22.28273,113.98769
C7102,LO FU TAU COUNTRY TRAIL,老虎頭郊遊徑,22.28399,113.9916
C7103,LO FU TAU COUNTRY TRAIL,老虎頭郊遊徑,22.28663,113.99464
C7104,LO FU TAU COUNTRY TRAIL,老虎頭郊遊徑,22.29021,113.99429
C7105,LO FU TAU COUNTRY TRAIL,老虎頭郊遊徑,22.2932,113.99584
C7106,LO FU TAU COUNTRY TRAIL,老虎頭郊遊徑,22.29661,113.99607
C7107,LO FU TAU COUNTRY TRAIL,老虎頭郊遊徑,22.29903,113.99873
C7108,LO FU TAU COUNTRY TRAIL,老虎頭郊遊徑,22.2996,114.00011
BW 1A 01,TIN FU TSAI NORTH MOUNTAIN BIKE TRAIL,田夫仔北越野單車徑,22.39773,114.07012
BW 1A 02,TIN FU TSAI NORTH MOUNTAIN BIKE TRAIL,田夫仔北越野單車徑,22.39789,114.06828
BW 1A 03,TIN FU TSAI NORTH MOUNTAIN BIKE TRAIL,田夫仔北越野單車徑,22.39845,114.07064
BW 1A 04,TIN FU TSAI NORTH MOUNTAIN BIKE TRAIL,田夫仔北越野單車徑,22.39717,114.07257
BW 1B 01,TIN FU TSAI NORTH MOUNTAIN BIKE TRAIL,田夫仔北越野單車徑,22.39948,114.06853
BW 1B 02,TIN FU TSAI NORTH MOUNTAIN BIKE TRAIL,田夫仔北越野單車徑,22.40127,114.0659
BW 1B 03,TIN FU TSAI NORTH MOUNTAIN BIKE TRAIL,田夫仔北越野單車徑,22.40148,114.06221
BW 1B 04,TIN FU TSAI NORTH MOUNTAIN BIKE TRAIL,田夫仔北越野單車徑,22.40093,114.05991
BW 1B 05,TIN FU TSAI NORTH MOUNTAIN BIKE TRAIL,田夫仔北越野單車徑,22.40043,114.05852
BW 1B 06,TIN FU TSAI NORTH MOUNTAIN BIKE TRAIL,田夫仔北越野單車徑,22.40014,114.05571
BW 1B 07,TIN FU TSAI NORTH MOUNTAIN BIKE TRAIL,田夫仔北越野單車徑,22.39838,114.05367
BW 2A 01,HO PUI MOUNTAIN BIKE TRAIL,河背越野單車徑,22.40895,114.10242
BW 2A 02,HO PUI MOUNTAIN BIKE TRAIL,河背越野單車徑,22.40971,114.10421
BW 2A 03,HO PUI MOUNTAIN BIKE TRAIL,河背越野單車徑,22.41016,114.10369
BW 2A 04,HO PUI MOUNTAIN BIKE TRAIL,河背越野單車徑,22.41012,114.10234
BW 2A 05,HO PUI MOUNTAIN BIKE TRAIL,河背越野單車徑,22.40981,114.09851
BW 2A 06,HO PUI MOUNTAIN BIKE TRAIL,河背越野單車徑,22.40926,114.0989
BW 2A 07,HO PUI MOUNTAIN BIKE TRAIL,河背越野單車徑,22.40647,114.09768
BW 2A 08,HO PUI MOUNTAIN BIKE TRAIL,河背越野單車徑,22.40451,114.095
BW 2A 09,HO PUI MOUNTAIN BIKE TRAIL,河背越野單車徑,22.4035,114.09297
BW 2A 10,HO PUI MOUNTAIN BIKE TRAIL,河背越野單車徑,22.40601,114.0931
BW 2A 11,HO PUI MOUNTAIN BIKE TRAIL,河背越野單車徑,22.40637,114.08905
BW 2A 12,HO PUI MOUNTAIN BIKE TRAIL,河背越野單車徑,22.40957,114.08777
BW 2A 13,HO PUI MOUNTAIN BIKE TRAIL,河背越野單車徑,22.41069,114.08418
BW 2A 14,HO PUI MOUNTAIN BIKE TRAIL,河背越野單車徑,22.40991,114.08106
BW 2A 15,HO PUI MOUNTAIN BIKE TRAIL,河背越野單車徑,22.40851,114.07664
BW 2A 16,HO PUI MOUNTAIN BIKE TRAIL,河背越野單車徑,22.40901,114.07526
BW 2A 17,HO PUI MOUNTAIN BIKE TRAIL,河背越野單車徑,22.41089,114.07246
BW 2B 01,HO PUI MOUNTAIN BIKE TRAIL,河背越野單車徑,22.40632,114.08611
BW 2B 02,HO PUI MOUNTAIN BIKE TRAIL,河背越野單車徑,22.40392,114.08428
BW 2B 03,HO PUI MOUNTAIN BIKE TRAIL,河背越野單車徑,22.4033,114.08046
BW 2B 04,HO PUI MOUNTAIN BIKE TRAIL,河背越野單車徑,22.40073,114.07841
BW 2B 05,HO PUI MOUNTAIN BIKE TRAIL,河背越野單車徑,22.39878,114.07733
BW 2B 06,HO PUI MOUNTAIN BIKE TRAIL,河背越野單車徑,22.39871,114.07477
BW 2B 07,HO PUI MOUNTAIN BIKE TRAIL,河背越野單車徑,22.4009,114.07313
BW 2B 08,HO PUI MOUNTAIN BIKE TRAIL,河背越野單車徑,22.40308,114.07152
BW 2B 09,HO PUI MOUNTAIN BIKE TRAIL,河背越野單車徑,22.40512,114.06871
BW 2B 10,HO PUI MOUNTAIN BIKE TRAIL,河背越野單車徑,22.40657,114.0707
BW 2B 11,HO PUI MOUNTAIN BIKE TRAIL,河背越野單車徑,22.40767,114.07384
BW 2B 12,HO PUI MOUNTAIN BIKE TRAIL,河背越野單車徑,22.40966,114.07088
BW 2B 13,HO PUI MOUNTAIN BIKE TRAIL,河背越野單車徑,22.41122,114.06885
BW 2C 01,HO PUI MOUNTAIN BIKE TRAIL,河背越野單車徑,22.40563,114.06499
BW 2C 02,HO PUI MOUNTAIN BIKE TRAIL,河背越野單車徑,22.40607,114.06159
BW 2C 03,HO PUI MOUNTAIN BIKE TRAIL,河背越野單車徑,22.40471,114.05976
BW 2C 04,HO PUI MOUNTAIN BIKE TRAIL,河背越野單車徑,22.40401,114.06242
BW 2C 05,HO PUI MOUNTAIN BIKE TRAIL,河背越野單車徑,22.22158,113.8652
BW 3 01,TAI LAM CHUNG RESERVOIR MOUNTAIN BIKE TRAIL,大欖涌水塘越野單車徑,22.39451,114.0427
BW 3 02,TAI LAM CHUNG RESERVOIR MOUNTAIN BIKE TRAIL,大欖涌水塘越野單車徑,22.39259,114.03988
BW 3 03,TAI LAM CHUNG RESERVOIR MOUNTAIN BIKE TRAIL,大欖涌水塘越野單車徑,22.39204,114.0367
BW 3 04,TAI LAM CHUNG RESERVOIR MOUNTAIN BIKE TRAIL,大欖涌水塘越野單車徑,22.38973,114.03495
BW 3 05,TAI LAM CHUNG RESERVOIR MOUNTAIN BIKE TRAIL,大欖涌水塘越野單車徑,22.38803,114.03253
BW 3 06,TAI LAM CHUNG RESERVOIR MOUNTAIN BIKE TRAIL,大欖涌水塘越野單車徑,22.38765,114.02959
BW 3 07,TAI LAM CHUNG RESERVOIR MOUNTAIN BIKE TRAIL,大欖涌水塘越野單車徑,22.38815,114.02891
BW 3 08,TAI LAM CHUNG RESERVOIR MOUNTAIN BIKE TRAIL,大欖涌水塘越野單車徑,22.38644,114.02649
BW 3 09,TAI LAM CHUNG RESERVOIR MOUNTAIN BIKE TRAIL,大欖涌水塘越野單車徑,22.38626,114.0241
BW 3 09A,TAI LAM CHUNG RESERVOIR MOUNTAIN BIKE TRAIL,大欖涌水塘越野單車徑,22.3864,114.02269
BW 3 10,TAI LAM CHUNG RESERVOIR MOUNTAIN BIKE TRAIL,大欖涌水塘越野單車徑,22.38615,114.02177
BW 3 11,TAI LAM CHUNG RESERVOIR MOUNTAIN BIKE TRAIL,大欖涌水塘越野單車徑,22.38234,114.01831
BW 3 12,TAI LAM CHUNG RESERVOIR MOUNTAIN BIKE TRAIL,大欖涌水塘越野單車徑,22.37976,114.01767
BW 3 13,TAI LAM CHUNG RESERVOIR MOUNTAIN BIKE TRAIL,大欖涌水塘越野單車徑,22.37683,114.01572
BW 3 13A,TAI LAM CHUNG RESERVOIR MOUNTAIN BIKE TRAIL,大欖涌水塘越野單車徑,22.37755,114.01806
BW 3 14,TAI LAM CHUNG RESERVOIR MOUNTAIN BIKE TRAIL,大欖涌水塘越野單車徑,22.37469,114.01654
